"","shrubs","Species","Growth","Perc_mort"
"1","min","PIPO",0.2496449526517,0.0911595983825213
"2","min","ABCO",0.109503169422756,1.08355651262194
"3","max","PIPO",0.111049400013508,0.880765217879788
"4","max","ABCO",0.159136485769359,0.735048344946316
